{
    "stream_params": [
        {
            "inflow_pos": {
                "x": -88.08771514892578,
                "y": 5.099999904632568,
                "z": 88.15872192382813
            },
            "inflow_normal": {
                "x": 0.0,
                "y": 1.0,
                "z": 0.0
            },
            "outflow_pos": {
                "x": 48.513877868652347,
                "y": 0.5,
                "z": -51.322296142578128
            },
            "outflow_normal": {
                "x": 0.0,
                "y": 1.0,
                "z": 0.0
            },
            "inflow_radius": 15.14999771118164,
            "outflow_radius": 9.07499885559082,
            "inflow_rate": 1.0
        },
        {
            "inflow_pos": {
                "x": 72.77116394042969,
                "y": 0.5,
                "z": -39.79291534423828
            },
            "inflow_normal": {
                "x": 0.0,
                "y": 1.0,
                "z": 0.0
            },
            "outflow_pos": {
                "x": -109.59210968017578,
                "y": 5.099999904632568,
                "z": 46.4775390625
            },
            "outflow_normal": {
                "x": 0.0,
                "y": 1.0,
                "z": 0.0
            },
            "inflow_radius": 8.25,
            "outflow_radius": 9.199999809265137,
            "inflow_rate": 2.0
        },
        {
            "inflow_pos": {
                "x": -37.290035247802737,
                "y": 0.5,
                "z": -22.054733276367189
            },
            "inflow_normal": {
                "x": 0.0,
                "y": 1.0,
                "z": 0.0
            },
            "outflow_pos": {
                "x": -50.5558967590332,
                "y": 5.099999904632568,
                "z": 47.250335693359378
            },
            "outflow_normal": {
                "x": 0.0,
                "y": 1.0,
                "z": 0.0
            },
            "inflow_radius": 3.7250001430511476,
            "outflow_radius": 5.625,
            "inflow_rate": 1.0
        }
    ]
}