{
    "stream_params": [
        {
            "inflow_pos": {
                "x": 43.16558837890625,
                "y": 9.5367431640625e-7,
                "z": 2.42425537109375
            },
            "inflow_normal": {
                "x": 0.0,
                "y": 1.0,
                "z": 0.0
            },
            "outflow_pos": {
                "x": 95.88019561767578,
                "y": 1.5,
                "z": -5.070793151855469
            },
            "outflow_normal": {
                "x": 0.0,
                "y": 1.0,
                "z": 0.0
            },
            "inflow_radius": 2.5,
            "outflow_radius": 2.5,
            "inflow_rate": 1.0
        },
        {
            "inflow_pos": {
                "x": 45.9322509765625,
                "y": -9.5367431640625e-7,
                "z": 2.104705810546875
            },
            "inflow_normal": {
                "x": 0.0,
                "y": 1.0,
                "z": 0.0
            },
            "outflow_pos": {
                "x": -2.8757972717285158,
                "y": 1.5,
                "z": -5.399589538574219
            },
            "outflow_normal": {
                "x": 0.0,
                "y": 1.0,
                "z": 0.0
            },
            "inflow_radius": 2.0,
            "outflow_radius": 2.0,
            "inflow_rate": 1.0
        },
        {
            "inflow_pos": {
                "x": 28.22918701171875,
                "y": 0.0,
                "z": 2.4644775390625
            },
            "inflow_normal": {
                "x": 0.0,
                "y": 1.0,
                "z": 0.0
            },
            "outflow_pos": {
                "x": 36.10416793823242,
                "y": 1.5,
                "z": -6.351116180419922
            },
            "outflow_normal": {
                "x": 0.0,
                "y": 1.0,
                "z": 0.0
            },
            "inflow_radius": 2.0,
            "outflow_radius": 2.0,
            "inflow_rate": 1.0
        },
        {
            "inflow_pos": {
                "x": 35.8956298828125,
                "y": 0.0,
                "z": 2.444915771484375
            },
            "inflow_normal": {
                "x": 0.0,
                "y": 1.0,
                "z": 0.0
            },
            "outflow_pos": {
                "x": 97.16751098632813,
                "y": 1.5,
                "z": -4.849235534667969
            },
            "outflow_normal": {
                "x": 0.0,
                "y": 1.0,
                "z": 0.0
            },
            "inflow_radius": 1.5,
            "outflow_radius": 2.5,
            "inflow_rate": 1.0
        },
        {
            "inflow_pos": {
                "x": 24.9449462890625,
                "y": 0.0,
                "z": 2.28155517578125
            },
            "inflow_normal": {
                "x": 0.0,
                "y": 1.0,
                "z": 0.0
            },
            "outflow_pos": {
                "x": 83.65125274658203,
                "y": 1.5,
                "z": -6.306266784667969
            },
            "outflow_normal": {
                "x": 0.0,
                "y": 1.0,
                "z": 0.0
            },
            "inflow_radius": 2.5,
            "outflow_radius": 1.5,
            "inflow_rate": 1.0
        }
    ]
}